manufacturer,model,canonical_name,price_p25_eur,price_p50_eur,price_p75_eur,sample_size,window_days,sources,computed_date
ASM,Hydrasynth Keyboard,ASM Hydrasynth Keyboard,895.0,895.0,895.0,2,90,[1],2026-10-05
Ableton,Move,Ableton Move,405.0,410.0,415.0,2,90,"[1, 7]",2026-10-05
Access Virus,Virus TI,Access Virus Virus TI,1450.0,1450.0,1450.0,2,90,"[1, 6]",2026-10-05
Akai,MPC Live II,Akai MPC Live II,680.0,720.0,760.0,2,90,[7],2026-10-05
Arturia,DrumBrute Impact,Arturia DrumBrute Impact,177.25,184.5,191.75,2,90,[1],2026-10-05
Arturia,MicroFreak,Arturia MicroFreak,219.0,220.0,220.0,5,90,"[1, 7]",2026-10-05
Audiothingies,MicroMonsta,Audiothingies MicroMonsta,200.0,205.0,210.0,2,90,[1],2026-10-05
Befaco,Oneiroi Pod,Befaco Oneiroi Pod,400.0,400.0,400.0,2,90,[1],2026-10-05
Behringer,DeepMind 12,Behringer DeepMind 12,381.25,437.5,493.75,2,90,[1],2026-10-05
Behringer,PRO-800,Behringer PRO-800,295.0,390.0,485.0,2,90,[1],2026-10-05
Behringer,UBX A,Behringer UBX A,612.5,625.0,637.5,2,90,[1],2026-10-05
Dreadbox,Typhon,Dreadbox Typhon,242.5,255.0,267.5,3,90,[1],2026-10-05
Elektron,Digitone II,Elektron Digitone II,721.75,744.5,767.25,2,90,"[1, 7]",2026-10-05
Elektron,Digitone MK1,Elektron Digitone MK1,450.0,450.0,450.0,2,90,[1],2026-10-05
Elektron,Octatrack MK1,Elektron Octatrack MK1,558.0,690.0,695.0,3,90,[1],2026-10-05
Elektron,Octatrack MK2,Elektron Octatrack MK2,968.75,987.0,1024.25,4,90,"[1, 7]",2026-10-05
Elektron,Syntakt,Elektron Syntakt,725.0,750.0,750.0,3,90,"[1, 7]",2026-10-05
Elektron,elektron analog rytm,Elektron elektron analog rytm,675.0,700.0,725.0,2,90,[1],2026-10-05
Korg,Korg Wavestate,Korg Korg Wavestate,341.25,357.5,373.75,2,90,[1],2026-10-05
Korg,Nautilus 61 AT,Korg Nautilus 61 AT,1600.0,1600.0,1600.0,2,90,[7],2026-10-05
Korg,PROLOGUE 16,Korg PROLOGUE 16,1443.75,1562.5,1681.25,2,90,[1],2026-10-05
Korg,RADIAS,Korg RADIAS,562.5,625.0,687.5,2,90,[1],2026-10-05
Korg,VOLCA DRUM,Korg VOLCA DRUM,76.25,77.5,78.75,2,90,"[1, 7]",2026-10-05
Moog,DFAM,Moog DFAM,456.25,462.5,468.75,2,90,[1],2026-10-05
Moog,Sub Phatty,Moog Sub Phatty,710.0,740.0,770.0,2,90,[1],2026-10-05
Native Instruments,Komplete Kontrol A49,Native Instruments Komplete Kontrol A49,97.5,105.0,112.5,2,90,"[1, 7]",2026-10-05
Native Instruments,Maschine MK3,Native Instruments Maschine MK3,242.5,245.0,247.5,2,90,[1],2026-10-05
Noise Engineering,Manis Iteritas,Noise Engineering Manis Iteritas,212.5,215.0,217.5,2,90,[1],2026-10-05
Nord,Nord Stage 4,Nord Nord Stage 4,3799.0,3849.0,3899.0,2,90,[1],2026-10-05
Novation,MiniNova,Novation MiniNova,267.5,285.0,302.5,2,90,"[1, 7]",2026-10-05
Novation,Peak,Novation Peak,950.0,950.0,950.0,2,90,"[1, 7]",2026-10-05
Polyend,PLAY,Polyend PLAY,370.0,440.0,510.0,2,90,[1],2026-10-05
Roland,Boutique JX-03,Roland Boutique JX-03,227.5,255.0,282.5,2,90,[1],2026-10-05
Roland,MC-707,Roland MC-707,675.0,700.0,725.0,2,90,[1],2026-10-05
Roland,P-6,Roland P-6,115.0,130.0,140.0,3,90,"[1, 7]",2026-10-05
Roland,TR-6S,Roland TR-6S,272.5,275.0,277.5,2,90,[7],2026-10-05
Roland,TR-8S,Roland TR-8S,500.0,500.0,500.0,2,90,[1],2026-10-05
Sequential,Prophet Rev2,Sequential Prophet Rev2,1671.75,1744.5,1817.25,2,90,[1],2026-10-05
Sequential,Take 5,Sequential Take 5,962.5,975.0,1025.0,3,90,"[1, 7]",2026-10-05
Teenage Engineering,OP-XY Portable,Teenage Engineering OP-XY Portable,1700.0,1700.0,1700.0,2,90,"[1, 6]",2026-10-05
Teenage Engineering,OP-Z,Teenage Engineering OP-Z,267.5,285.0,302.5,2,90,[1],2026-10-05
Tiptop Audio,Z-DSP,Tiptop Audio Z-DSP,270.0,280.0,290.0,2,90,"[1, 7]",2026-10-05
Waldorf,Blofeld Desktop,Waldorf Blofeld Desktop,297.5,315.0,332.5,2,90,[1],2026-10-05
Waldorf,Iridium,Waldorf Iridium,1500.0,1500.0,1500.0,2,90,[1],2026-10-05
Yamaha,Reface CP,Yamaha Reface CP,280.0,310.0,315.0,3,90,"[1, 7]",2026-10-05
